Entity,Code,Day,Delta
Angola,AGO,2020-12-21,0
Angola,AGO,2021-01-25,0
Angola,AGO,2021-02-08,0
Angola,AGO,2021-02-22,0
Angola,AGO,2021-03-08,0
Angola,AGO,2021-03-22,0
Angola,AGO,2021-04-05,0
Angola,AGO,2021-04-19,2.41
Angola,AGO,2021-05-03,2.94
Angola,AGO,2021-06-28,6.67
Argentina,ARG,2020-05-11,0
Argentina,ARG,2020-05-25,0
Argentina,ARG,2020-06-08,0
Argentina,ARG,2020-06-22,0
Argentina,ARG,2020-07-06,0
Argentina,ARG,2020-07-20,0
Argentina,ARG,2020-08-03,0
Argentina,ARG,2020-08-17,0
Argentina,ARG,2020-08-31,0
Argentina,ARG,2020-09-14,0
Argentina,ARG,2020-09-28,0
Argentina,ARG,2020-10-12,0
Argentina,ARG,2020-10-26,0
Argentina,ARG,2020-11-09,0
Argentina,ARG,2020-11-23,0
Argentina,ARG,2020-12-07,0
Argentina,ARG,2020-12-21,0
Argentina,ARG,2021-01-04,0
Argentina,ARG,2021-01-25,0
Argentina,ARG,2021-02-08,0
Argentina,ARG,2021-02-22,0
Argentina,ARG,2021-03-08,0
Argentina,ARG,2021-03-22,0
Argentina,ARG,2021-04-05,0
Argentina,ARG,2021-04-19,0
Argentina,ARG,2021-05-03,0.33
Argentina,ARG,2021-05-17,0
Argentina,ARG,2021-05-31,0
Argentina,ARG,2021-06-14,0.28
Argentina,ARG,2021-06-28,0.6
Argentina,ARG,2021-07-12,7.06
Argentina,ARG,2021-07-26,35.51
Argentina,ARG,2021-08-09,39.47
Aruba,ABW,2021-02-08,0
Aruba,ABW,2021-02-22,5.52
Aruba,ABW,2021-03-08,0
Aruba,ABW,2021-03-22,14.66
Aruba,ABW,2021-04-05,0
Aruba,ABW,2021-04-19,10.88
Aruba,ABW,2021-05-03,1.43
Aruba,ABW,2021-05-17,10.78
Aruba,ABW,2021-05-31,0
Aruba,ABW,2021-06-14,13.27
Aruba,ABW,2021-07-12,50
Aruba,ABW,2021-07-26,86.6
Aruba,ABW,2021-08-09,98.44
Aruba,ABW,2021-08-23,98.66
Aruba,ABW,2021-09-06,97.99
Australia,AUS,2020-05-11,0
Australia,AUS,2020-05-25,0
Australia,AUS,2020-06-08,0
Australia,AUS,2020-06-22,0
Australia,AUS,2020-07-06,0
Australia,AUS,2020-07-20,0
Australia,AUS,2020-08-03,0
Australia,AUS,2020-08-17,0
Australia,AUS,2020-08-31,0
Australia,AUS,2020-09-14,0
Australia,AUS,2020-09-28,0
Australia,AUS,2020-10-12,0
Australia,AUS,2020-10-26,0
Australia,AUS,2020-11-09,0
Australia,AUS,2020-11-23,0
Australia,AUS,2020-12-07,0
Australia,AUS,2020-12-21,0
Australia,AUS,2021-01-04,0
Australia,AUS,2021-01-11,0
Australia,AUS,2021-01-25,0
Australia,AUS,2021-02-08,10.2
Australia,AUS,2021-02-22,2
Australia,AUS,2021-03-08,0
Australia,AUS,2021-03-22,0.82
Australia,AUS,2021-04-05,2.52
Australia,AUS,2021-04-19,18.31
Australia,AUS,2021-05-03,41.67
Australia,AUS,2021-05-17,39.6
Australia,AUS,2021-05-31,16.87
Australia,AUS,2021-06-14,41.67
Australia,AUS,2021-06-28,85.29
Australia,AUS,2021-07-12,95.32
Australia,AUS,2021-07-26,99.66
Australia,AUS,2021-08-09,99.88
Australia,AUS,2021-08-23,99.89
Australia,AUS,2021-09-06,99.95
Australia,AUS,2021-09-20,100
Austria,AUT,2020-05-11,0
Austria,AUT,2020-05-25,0
Austria,AUT,2020-08-31,0
Austria,AUT,2020-09-14,0
Austria,AUT,2020-09-28,0
Austria,AUT,2020-10-12,0
Austria,AUT,2020-10-26,0
Austria,AUT,2020-11-09,0
Austria,AUT,2020-11-23,0
Austria,AUT,2020-12-07,0
Austria,AUT,2020-12-21,0
Austria,AUT,2021-01-04,0
Austria,AUT,2021-01-11,0
Austria,AUT,2021-01-25,0
Austria,AUT,2021-02-08,0
Austria,AUT,2021-02-22,0
Austria,AUT,2021-03-08,0
Austria,AUT,2021-03-22,0
Austria,AUT,2021-04-05,0
Austria,AUT,2021-04-19,0.57
Austria,AUT,2021-05-03,1.52
Austria,AUT,2021-05-17,0.48
Austria,AUT,2021-05-31,2.84
Austria,AUT,2021-06-14,42.93
Austria,AUT,2021-06-28,59.01
Austria,AUT,2021-07-12,88.29
Austria,AUT,2021-07-26,98.96
Austria,AUT,2021-08-09,98.83
Austria,AUT,2021-08-23,99.68
Austria,AUT,2021-09-06,100
Bahrain,BHR,2020-10-26,0
Bahrain,BHR,2020-11-23,0
Bahrain,BHR,2021-04-19,35.71
Bahrain,BHR,2021-05-17,49.12
Bahrain,BHR,2021-05-31,84.78
Bahrain,BHR,2021-06-28,97.62
Bahrain,BHR,2021-07-12,94.2
Bahrain,BHR,2021-07-26,97.17
Bahrain,BHR,2021-08-09,95.83
Bahrain,BHR,2021-09-06,100
Bangladesh,BGD,2020-05-11,0
Bangladesh,BGD,2020-05-25,0
Bangladesh,BGD,2020-06-08,0
Bangladesh,BGD,2020-06-22,0
Bangladesh,BGD,2020-07-06,0
Bangladesh,BGD,2020-07-20,0
Bangladesh,BGD,2020-08-03,0
Bangladesh,BGD,2020-11-23,0
Bangladesh,BGD,2020-12-07,0
Bangladesh,BGD,2021-01-04,0
Bangladesh,BGD,2021-01-25,0
Bangladesh,BGD,2021-02-08,0
Bangladesh,BGD,2021-02-22,0
Bangladesh,BGD,2021-03-22,0
Bangladesh,BGD,2021-04-05,0
Bangladesh,BGD,2021-04-19,0
Bangladesh,BGD,2021-05-03,17.86
Bangladesh,BGD,2021-05-17,41.07
Bangladesh,BGD,2021-05-31,40.82
Bangladesh,BGD,2021-06-14,64.71
Bangladesh,BGD,2021-06-28,92.79
Bangladesh,BGD,2021-07-12,97.92
Bangladesh,BGD,2021-07-26,99.42
Bangladesh,BGD,2021-08-09,100
Bangladesh,BGD,2021-08-23,100
Belgium,BEL,2020-05-11,0
Belgium,BEL,2020-05-25,0
Belgium,BEL,2020-06-22,0
Belgium,BEL,2020-07-06,0
Belgium,BEL,2020-07-20,0
Belgium,BEL,2020-08-03,0
Belgium,BEL,2020-08-17,0
Belgium,BEL,2020-08-31,0
Belgium,BEL,2020-09-14,0
Belgium,BEL,2020-09-28,0
Belgium,BEL,2020-10-12,0
Belgium,BEL,2020-10-26,0
Belgium,BEL,2020-11-09,0
Belgium,BEL,2020-11-23,0
Belgium,BEL,2020-12-07,0
Belgium,BEL,2020-12-21,0
Belgium,BEL,2021-01-04,0
Belgium,BEL,2021-01-11,0
Belgium,BEL,2021-01-25,0
Belgium,BEL,2021-02-08,0
Belgium,BEL,2021-02-22,0
Belgium,BEL,2021-03-08,0
Belgium,BEL,2021-03-22,0
Belgium,BEL,2021-04-05,0
Belgium,BEL,2021-04-19,0.31
Belgium,BEL,2021-05-03,2.84
Belgium,BEL,2021-05-17,2.91
Belgium,BEL,2021-05-31,5.94
Belgium,BEL,2021-06-14,12.84
Belgium,BEL,2021-06-28,37.34
Belgium,BEL,2021-07-12,75.98
Belgium,BEL,2021-07-26,91.51
Belgium,BEL,2021-08-09,98.21
Belgium,BEL,2021-08-23,99.47
Belgium,BEL,2021-09-06,99.54
Belgium,BEL,2021-09-20,100
Botswana,BWA,2021-01-25,0
Botswana,BWA,2021-03-22,0
Botswana,BWA,2021-05-31,4.17
Botswana,BWA,2021-06-14,11.88
Botswana,BWA,2021-06-28,67.86
Botswana,BWA,2021-07-12,83.02
Botswana,BWA,2021-07-26,100
Botswana,BWA,2021-08-09,94.12
Botswana,BWA,2021-08-23,98.78
Botswana,BWA,2021-09-06,99.47
Brazil,BRA,2020-05-11,0
Brazil,BRA,2020-05-25,0
Brazil,BRA,2020-06-08,0
Brazil,BRA,2020-06-22,0
Brazil,BRA,2020-07-06,0
Brazil,BRA,2020-07-20,0
Brazil,BRA,2020-08-03,0
Brazil,BRA,2020-08-17,0
Brazil,BRA,2020-08-31,0
Brazil,BRA,2020-09-14,0
Brazil,BRA,2020-09-28,0
Brazil,BRA,2020-10-12,0
Brazil,BRA,2020-10-26,0
Brazil,BRA,2020-11-09,0
Brazil,BRA,2020-11-23,0
Brazil,BRA,2020-12-07,0
Brazil,BRA,2020-12-21,0
Brazil,BRA,2021-01-04,0
Brazil,BRA,2021-01-11,0
Brazil,BRA,2021-01-25,0
Brazil,BRA,2021-02-08,0
Brazil,BRA,2021-02-22,0
Brazil,BRA,2021-03-08,0
Brazil,BRA,2021-03-22,0
Brazil,BRA,2021-04-05,0
Brazil,BRA,2021-04-19,0
Brazil,BRA,2021-05-03,0.26
Brazil,BRA,2021-05-17,0.31
Brazil,BRA,2021-05-31,0.13
Brazil,BRA,2021-06-14,0.22
Brazil,BRA,2021-06-28,2.1
Brazil,BRA,2021-07-12,10.65
Brazil,BRA,2021-07-26,24.92
Brazil,BRA,2021-08-09,49.08
Brazil,BRA,2021-08-23,73.09
Brazil,BRA,2021-09-06,89.44
Brazil,BRA,2021-09-20,93.43
Bulgaria,BGR,2020-12-21,0
Bulgaria,BGR,2021-01-04,0
Bulgaria,BGR,2021-01-11,0
Bulgaria,BGR,2021-01-25,0
Bulgaria,BGR,2021-02-08,0
Bulgaria,BGR,2021-02-22,0
Bulgaria,BGR,2021-03-08,0
Bulgaria,BGR,2021-03-22,0
Bulgaria,BGR,2021-04-05,0
Bulgaria,BGR,2021-04-19,0.27
Bulgaria,BGR,2021-05-03,0
Bulgaria,BGR,2021-05-17,0
Bulgaria,BGR,2021-05-31,0
Bulgaria,BGR,2021-06-14,6.8
Bulgaria,BGR,2021-06-28,40.8
Bulgaria,BGR,2021-07-12,61.36
Bulgaria,BGR,2021-07-26,95.4
Bulgaria,BGR,2021-08-09,97.87
Cambodia,KHM,2021-04-19,0
Cambodia,KHM,2021-05-03,0
Cambodia,KHM,2021-05-17,0
Cambodia,KHM,2021-05-31,4.55
Cambodia,KHM,2021-06-14,16.9
Cambodia,KHM,2021-06-28,31.4
Cambodia,KHM,2021-07-12,39.51
Cambodia,KHM,2021-07-26,42.15
Cambodia,KHM,2021-08-09,50.57
Cambodia,KHM,2021-08-23,33.02
Cambodia,KHM,2021-09-06,41.67
Cambodia,KHM,2021-09-20,40.62
Canada,CAN,2020-05-11,0
Canada,CAN,2020-05-25,0
Canada,CAN,2020-06-08,0
Canada,CAN,2020-06-22,0
Canada,CAN,2020-07-06,0
Canada,CAN,2020-07-20,0
Canada,CAN,2020-08-03,0
Canada,CAN,2020-08-17,0
Canada,CAN,2020-08-31,0
Canada,CAN,2020-09-14,0
Canada,CAN,2020-09-28,0
Canada,CAN,2020-10-12,0
Canada,CAN,2020-10-26,0
Canada,CAN,2020-11-09,0
Canada,CAN,2020-11-23,0
Canada,CAN,2020-12-07,0
Canada,CAN,2020-12-21,0
Canada,CAN,2021-01-04,0
Canada,CAN,2021-01-11,0
Canada,CAN,2021-01-25,0
Canada,CAN,2021-02-08,0.04
Canada,CAN,2021-02-22,0
Canada,CAN,2021-03-08,0
Canada,CAN,2021-03-22,0.02
Canada,CAN,2021-04-05,0.03
Canada,CAN,2021-04-19,0.68
Canada,CAN,2021-05-03,1.93
Canada,CAN,2021-05-17,5.48
Canada,CAN,2021-05-31,10.66
Canada,CAN,2021-06-14,14.87
Canada,CAN,2021-06-28,24.38
Canada,CAN,2021-07-12,46.31
Canada,CAN,2021-07-26,80.89
Canada,CAN,2021-08-09,92.96
Canada,CAN,2021-08-23,97.91
Canada,CAN,2021-09-06,99.64
Chile,CHL,2020-05-11,0
Chile,CHL,2020-05-25,0
Chile,CHL,2020-06-08,0
Chile,CHL,2020-07-06,0
Chile,CHL,2020-07-20,0
Chile,CHL,2020-08-03,0
Chile,CHL,2020-08-31,0
Chile,CHL,2020-09-14,0
Chile,CHL,2020-09-28,0
Chile,CHL,2020-10-12,0
Chile,CHL,2020-10-26,0
Chile,CHL,2021-01-04,0
Chile,CHL,2021-01-11,0
Chile,CHL,2021-01-25,0
Chile,CHL,2021-02-08,0
Chile,CHL,2021-02-22,0
Chile,CHL,2021-03-08,0
Chile,CHL,2021-03-22,0
Chile,CHL,2021-04-05,0
Chile,CHL,2021-04-19,0
Chile,CHL,2021-05-03,0
Chile,CHL,2021-05-17,0
Chile,CHL,2021-05-31,0
Chile,CHL,2021-06-14,0.16
Chile,CHL,2021-06-28,0.28
Chile,CHL,2021-07-12,2.1
Chile,CHL,2021-07-26,6.28
Chile,CHL,2021-08-09,9.54
Chile,CHL,2021-08-23,16.7
Chile,CHL,2021-09-06,20.13
Chile,CHL,2021-09-20,60
China,CHN,2021-07-12,100
Colombia,COL,2020-05-11,0
Colombia,COL,2021-01-04,0
Colombia,COL,2021-01-11,0
Colombia,COL,2021-01-25,0
Colombia,COL,2021-02-08,0
Colombia,COL,2021-03-08,0
Colombia,COL,2021-03-22,0
Colombia,COL,2021-04-05,0
Colombia,COL,2021-04-19,0
Colombia,COL,2021-05-03,0
Colombia,COL,2021-05-17,0
Colombia,COL,2021-05-31,0
Colombia,COL,2021-06-14,0
Colombia,COL,2021-06-28,0
Colombia,COL,2021-07-12,2.4
Colombia,COL,2021-07-26,7.32
Colombia,COL,2021-08-09,15.38
Colombia,COL,2021-08-23,27.27
Costa Rica,CRI,2021-01-04,0
Costa Rica,CRI,2021-03-08,0
Costa Rica,CRI,2021-03-22,0
Costa Rica,CRI,2021-04-05,0
Costa Rica,CRI,2021-04-19,0
Costa Rica,CRI,2021-05-03,0
Costa Rica,CRI,2021-05-17,0
Costa Rica,CRI,2021-05-31,0
Costa Rica,CRI,2021-06-14,3.03
Costa Rica,CRI,2021-06-28,11.76
Costa Rica,CRI,2021-07-12,26.15
Costa Rica,CRI,2021-07-26,53.49
Costa Rica,CRI,2021-08-09,55.65
Costa Rica,CRI,2021-08-23,70.19
Croatia,HRV,2021-01-25,0
Croatia,HRV,2021-02-08,0
Croatia,HRV,2021-02-22,0
Croatia,HRV,2021-03-08,0
Croatia,HRV,2021-03-22,0
Croatia,HRV,2021-04-05,0
Croatia,HRV,2021-04-19,0
Croatia,HRV,2021-05-03,0.38
Croatia,HRV,2021-05-17,0
Croatia,HRV,2021-05-31,2.7
Croatia,HRV,2021-06-14,22.83
Croatia,HRV,2021-06-28,58.39
Croatia,HRV,2021-07-12,87.19
Croatia,HRV,2021-07-26,94.97
Croatia,HRV,2021-08-09,98.52
Croatia,HRV,2021-08-23,99.18
Curacao,CUW,2021-02-22,0
Curacao,CUW,2021-03-08,0
Curacao,CUW,2021-03-22,0
Curacao,CUW,2021-04-05,0
Curacao,CUW,2021-04-19,0
Curacao,CUW,2021-05-03,0
Curacao,CUW,2021-07-12,84.21
Curacao,CUW,2021-07-26,95.52
Curacao,CUW,2021-08-09,98.39
Curacao,CUW,2021-08-23,100
Czechia,CZE,2020-10-12,0
Czechia,CZE,2020-10-26,0
Czechia,CZE,2020-11-09,0
Czechia,CZE,2021-01-11,0
Czechia,CZE,2021-01-25,0
Czechia,CZE,2021-02-08,0
Czechia,CZE,2021-02-22,0.32
Czechia,CZE,2021-03-08,0.2
Czechia,CZE,2021-03-22,0
Czechia,CZE,2021-04-05,0
Czechia,CZE,2021-04-19,0
Czechia,CZE,2021-05-03,1.86
Czechia,CZE,2021-05-17,3.99
Czechia,CZE,2021-05-31,13.14
Czechia,CZE,2021-06-14,12.14
Czechia,CZE,2021-06-28,40.09
Czechia,CZE,2021-07-12,86.35
Czechia,CZE,2021-07-26,97.81
Czechia,CZE,2021-08-09,98.73
Czechia,CZE,2021-08-23,99.43
Czechia,CZE,2021-09-06,99.67
Czechia,CZE,2021-09-20,100
Denmark,DNK,2020-05-11,0
Denmark,DNK,2020-05-25,0
Denmark,DNK,2020-06-08,0
Denmark,DNK,2020-06-22,0
Denmark,DNK,2020-07-06,0
Denmark,DNK,2020-07-20,0
Denmark,DNK,2020-08-03,0
Denmark,DNK,2020-08-17,0
Denmark,DNK,2020-08-31,0
Denmark,DNK,2020-09-14,0
Denmark,DNK,2020-09-28,0
Denmark,DNK,2020-10-12,0
Denmark,DNK,2020-10-26,0
Denmark,DNK,2020-11-09,0
Denmark,DNK,2020-11-23,0
Denmark,DNK,2020-12-07,0.06
Denmark,DNK,2020-12-21,0
Denmark,DNK,2021-01-04,0
Denmark,DNK,2021-01-11,0
Denmark,DNK,2021-01-25,0
Denmark,DNK,2021-02-08,0
Denmark,DNK,2021-02-22,0
Denmark,DNK,2021-03-08,0
Denmark,DNK,2021-03-22,0
Denmark,DNK,2021-04-05,0.04
Denmark,DNK,2021-04-19,0.08
Denmark,DNK,2021-05-03,0.39
Denmark,DNK,2021-05-17,0.43
Denmark,DNK,2021-05-31,0.29
Denmark,DNK,2021-06-14,1.67
Denmark,DNK,2021-06-28,20.76
Denmark,DNK,2021-07-12,79.83
Denmark,DNK,2021-07-26,95.76
Denmark,DNK,2021-08-09,99.1
Denmark,DNK,2021-08-23,99.72
Denmark,DNK,2021-09-06,99.95
Denmark,DNK,2021-09-20,99.93
Djibouti,DJI,2021-02-22,0
Djibouti,DJI,2021-03-08,0
Djibouti,DJI,2021-04-05,0
Djibouti,DJI,2021-04-19,0
Ecuador,ECU,2021-04-19,0
Ecuador,ECU,2021-05-03,0
Ecuador,ECU,2021-05-17,0
Ecuador,ECU,2021-05-31,0
Ecuador,ECU,2021-06-14,0
Ecuador,ECU,2021-06-28,4.14
Ecuador,ECU,2021-07-12,4.76
Ecuador,ECU,2021-07-26,20.25
Ecuador,ECU,2021-08-09,19
Ecuador,ECU,2021-08-23,37.5
Estonia,EST,2020-09-28,0
Estonia,EST,2020-10-12,0
Estonia,EST,2020-11-09,0
Estonia,EST,2021-01-04,0
Estonia,EST,2021-02-08,0
Estonia,EST,2021-02-22,0
Estonia,EST,2021-03-08,0
Estonia,EST,2021-03-22,0
Estonia,EST,2021-04-05,0
Estonia,EST,2021-04-19,0
Estonia,EST,2021-05-03,0
Estonia,EST,2021-05-17,0
Estonia,EST,2021-06-14,1.46
Estonia,EST,2021-06-28,4.44
Estonia,EST,2021-07-12,91.3
Estonia,EST,2021-07-26,96.83
Estonia,EST,2021-08-09,99.44
Estonia,EST,2021-08-23,100
Estonia,EST,2021-09-06,100
Eswatini,SWZ,2021-07-12,89.19
Finland,FIN,2020-05-11,0
Finland,FIN,2020-05-25,0
Finland,FIN,2020-06-08,0
Finland,FIN,2020-09-28,0
Finland,FIN,2020-10-12,0
Finland,FIN,2020-10-26,0
Finland,FIN,2020-11-09,0
Finland,FIN,2020-11-23,0
Finland,FIN,2020-12-07,0
Finland,FIN,2020-12-21,0
Finland,FIN,2021-01-04,0
Finland,FIN,2021-01-11,0
Finland,FIN,2021-01-25,0
Finland,FIN,2021-02-08,0
Finland,FIN,2021-02-22,0
Finland,FIN,2021-03-08,0
Finland,FIN,2021-03-22,0
Finland,FIN,2021-04-05,0
Finland,FIN,2021-04-19,0.29
Finland,FIN,2021-05-03,3.88
Finland,FIN,2021-05-17,12.33
Finland,FIN,2021-05-31,23.85
Finland,FIN,2021-06-14,33.68
Finland,FIN,2021-06-28,87.13
Finland,FIN,2021-07-12,96.1
Finland,FIN,2021-07-26,98.92
Finland,FIN,2021-08-09,98.66
Finland,FIN,2021-08-23,99.6
Finland,FIN,2021-09-06,100
France,FRA,2020-05-11,0
France,FRA,2020-05-25,0
France,FRA,2020-06-08,0
France,FRA,2020-06-22,0
France,FRA,2020-07-20,0
France,FRA,2020-08-03,0
France,FRA,2020-08-17,0
France,FRA,2020-08-31,0
France,FRA,2020-09-14,0
France,FRA,2020-09-28,0
France,FRA,2020-10-12,0
France,FRA,2020-10-26,0
France,FRA,2020-11-09,0
France,FRA,2020-11-23,0
France,FRA,2020-12-07,0
France,FRA,2020-12-21,0
France,FRA,2021-01-04,0
France,FRA,2021-01-11,0
France,FRA,2021-01-25,0.05
France,FRA,2021-02-08,0
France,FRA,2021-02-22,0
France,FRA,2021-03-08,0.02
France,FRA,2021-03-22,0
France,FRA,2021-04-05,0
France,FRA,2021-04-19,0.06
France,FRA,2021-05-03,1.09
France,FRA,2021-05-17,1.43
France,FRA,2021-05-31,3.2
France,FRA,2021-06-14,12.3
France,FRA,2021-06-28,41.39
France,FRA,2021-07-12,68.87
France,FRA,2021-07-26,92.08
France,FRA,2021-08-09,95.88
France,FRA,2021-08-23,98.3
France,FRA,2021-09-06,99.29
France,FRA,2021-09-20,100
Gambia,GMB,2020-08-03,0
Gambia,GMB,2020-08-17,0
Gambia,GMB,2020-08-31,0
Gambia,GMB,2021-03-22,0
Gambia,GMB,2021-07-12,98.55
Germany,DEU,2020-05-11,0
Germany,DEU,2020-05-25,0
Germany,DEU,2020-06-08,0
Germany,DEU,2020-06-22,0
Germany,DEU,2020-07-06,0
Germany,DEU,2020-07-20,0
Germany,DEU,2020-08-03,0
Germany,DEU,2020-08-17,0
Germany,DEU,2020-08-31,0
Germany,DEU,2020-09-14,0
Germany,DEU,2020-09-28,0
Germany,DEU,2020-10-12,0
Germany,DEU,2020-10-26,0
Germany,DEU,2020-11-09,0
Germany,DEU,2020-11-23,0
Germany,DEU,2020-12-07,0
Germany,DEU,2020-12-21,0
Germany,DEU,2021-01-04,0
Germany,DEU,2021-01-11,0
Germany,DEU,2021-01-25,0
Germany,DEU,2021-02-08,0.02
Germany,DEU,2021-02-22,0
Germany,DEU,2021-03-08,0
Germany,DEU,2021-03-22,0.01
Germany,DEU,2021-04-05,0.02
Germany,DEU,2021-04-19,0.15
Germany,DEU,2021-05-03,0.7
Germany,DEU,2021-05-17,1.95
Germany,DEU,2021-05-31,3.97
Germany,DEU,2021-06-14,13.97
Germany,DEU,2021-06-28,49.46
Germany,DEU,2021-07-12,79.55
Germany,DEU,2021-07-26,95.32
Germany,DEU,2021-08-09,98.25
Germany,DEU,2021-08-23,99.46
Germany,DEU,2021-09-06,99.76
Germany,DEU,2021-09-20,99.93
Ghana,GHA,2020-08-03,0
Ghana,GHA,2020-12-07,0
Ghana,GHA,2021-01-11,0.89
Ghana,GHA,2021-01-25,0
Ghana,GHA,2021-02-08,12.64
Ghana,GHA,2021-02-22,0
Ghana,GHA,2021-03-08,0
Ghana,GHA,2021-03-22,0
Ghana,GHA,2021-04-05,0
Ghana,GHA,2021-04-19,0
Ghana,GHA,2021-05-03,4.55
Ghana,GHA,2021-05-17,0
Ghana,GHA,2021-05-31,10.42
Ghana,GHA,2021-07-12,81.37
Ghana,GHA,2021-07-26,94.59
Ghana,GHA,2021-08-09,92.94
Ghana,GHA,2021-08-23,97.87
Greece,GRC,2020-09-28,0
Greece,GRC,2020-10-12,0
Greece,GRC,2020-11-09,0
Greece,GRC,2020-11-23,0
Greece,GRC,2020-12-07,0
Greece,GRC,2020-12-21,0
Greece,GRC,2021-01-04,0
Greece,GRC,2021-01-11,0
Greece,GRC,2021-01-25,0
Greece,GRC,2021-02-08,0
Greece,GRC,2021-02-22,0
Greece,GRC,2021-03-08,0
Greece,GRC,2021-03-22,0
Greece,GRC,2021-04-05,0.3
Greece,GRC,2021-04-19,0
Greece,GRC,2021-05-03,0.63
Greece,GRC,2021-05-17,0.08
Greece,GRC,2021-05-31,0
Greece,GRC,2021-06-14,0.55
Greece,GRC,2021-06-28,7.14
Greece,GRC,2021-07-12,54.39
Greece,GRC,2021-07-26,96.89
Greece,GRC,2021-08-09,90.08
Greece,GRC,2021-08-23,94.38
Guatemala,GTM,2020-10-12,0
Guatemala,GTM,2020-10-26,0
Guatemala,GTM,2021-01-11,0
Guatemala,GTM,2021-01-25,0
Guatemala,GTM,2021-06-28,2.04
Guatemala,GTM,2021-07-12,11.82
Guatemala,GTM,2021-07-26,39.47
Guatemala,GTM,2021-08-09,65.15
Hong Kong,HKG,2020-07-06,0
Hong Kong,HKG,2020-07-20,0
Hong Kong,HKG,2020-08-03,0
Hong Kong,HKG,2020-08-17,0
Hong Kong,HKG,2020-08-31,0
Hong Kong,HKG,2020-09-28,0
Hong Kong,HKG,2020-10-12,0
Hong Kong,HKG,2020-11-23,0
Hong Kong,HKG,2020-12-07,0
Hong Kong,HKG,2020-12-21,0
Hong Kong,HKG,2021-01-04,0
Hong Kong,HKG,2021-01-25,0
Hong Kong,HKG,2021-02-08,0
Hong Kong,HKG,2021-03-22,0
Hong Kong,HKG,2021-04-05,6.25
Hong Kong,HKG,2021-04-19,12.12
Hong Kong,HKG,2021-05-03,57.5
Hong Kong,HKG,2021-06-14,50
Hong Kong,HKG,2021-06-28,100
Hong Kong,HKG,2021-07-12,96.97
Hong Kong,HKG,2021-09-06,100
Hungary,HUN,2020-09-14,0
Hungary,HUN,2020-10-12,0
Hungary,HUN,2020-11-09,0
Iceland,ISL,2020-08-03,0
Iceland,ISL,2020-08-17,0
Iceland,ISL,2020-08-31,0
Iceland,ISL,2020-09-14,0
Iceland,ISL,2020-09-28,0
Iceland,ISL,2020-10-12,0
Iceland,ISL,2020-10-26,0
Iceland,ISL,2020-11-09,0
Iceland,ISL,2020-11-23,0
Iceland,ISL,2020-12-07,0
Iceland,ISL,2020-12-21,0
Iceland,ISL,2021-01-04,0
Iceland,ISL,2021-01-11,0
Iceland,ISL,2021-01-25,0
Iceland,ISL,2021-03-22,0
Iceland,ISL,2021-04-05,0
Iceland,ISL,2021-04-19,0
Iceland,ISL,2021-05-03,0
Iceland,ISL,2021-05-17,3.17
Iceland,ISL,2021-05-31,4.88
Iceland,ISL,2021-06-14,8.89
Iceland,ISL,2021-06-28,48.65
Iceland,ISL,2021-07-12,77.5
Iceland,ISL,2021-07-26,99.36
Iceland,ISL,2021-08-09,99.79
Iceland,ISL,2021-08-23,100
Iceland,ISL,2021-09-06,100
India,IND,2020-05-11,0
India,IND,2020-05-25,0
India,IND,2020-06-08,0
India,IND,2020-06-22,0
India,IND,2020-07-06,0
India,IND,2020-07-20,0
India,IND,2020-08-03,0
India,IND,2020-08-17,0
India,IND,2020-08-31,0
India,IND,2020-09-14,0
India,IND,2020-09-28,0
India,IND,2020-10-12,0
India,IND,2020-10-26,0.68
India,IND,2020-11-09,1.92
India,IND,2020-11-23,2.94
India,IND,2020-12-07,0.92
India,IND,2020-12-21,0.78
India,IND,2021-01-04,0.82
India,IND,2021-01-11,12.68
India,IND,2021-01-25,1.47
India,IND,2021-02-08,4.42
India,IND,2021-02-22,5.54
India,IND,2021-03-08,3.93
India,IND,2021-03-22,7.02
India,IND,2021-04-05,22.15
India,IND,2021-04-19,55.46
India,IND,2021-05-03,73.06
India,IND,2021-05-17,90.51
India,IND,2021-05-31,95.03
India,IND,2021-06-14,94.95
India,IND,2021-06-28,94.52
India,IND,2021-07-12,93.06
India,IND,2021-07-26,98.02
India,IND,2021-08-09,92.91
India,IND,2021-08-23,97.9
India,IND,2021-09-06,100
Indonesia,IDN,2020-09-14,0
Indonesia,IDN,2020-10-26,0
Indonesia,IDN,2020-11-23,0
Indonesia,IDN,2020-12-07,0
Indonesia,IDN,2020-12-21,0
Indonesia,IDN,2021-01-04,0
Indonesia,IDN,2021-01-11,0.98
Indonesia,IDN,2021-01-25,0.83
Indonesia,IDN,2021-02-08,0
Indonesia,IDN,2021-02-22,0
Indonesia,IDN,2021-03-08,0
Indonesia,IDN,2021-03-22,2
Indonesia,IDN,2021-04-05,6.94
Indonesia,IDN,2021-04-19,6.55
Indonesia,IDN,2021-05-03,11.21
Indonesia,IDN,2021-05-17,7.67
Indonesia,IDN,2021-05-31,28.41
Indonesia,IDN,2021-06-14,74.07
Indonesia,IDN,2021-06-28,88.3
Indonesia,IDN,2021-07-12,91.67
Indonesia,IDN,2021-07-26,94.23
Indonesia,IDN,2021-08-09,97.25
Indonesia,IDN,2021-08-23,100
Indonesia,IDN,2021-09-06,100
Iraq,IRQ,2021-02-22,0
Ireland,IRL,2020-05-11,0
Ireland,IRL,2020-05-25,0
Ireland,IRL,2020-07-20,0
Ireland,IRL,2020-08-03,0
Ireland,IRL,2020-08-17,0
Ireland,IRL,2020-09-14,0
Ireland,IRL,2020-09-28,0
Ireland,IRL,2020-10-12,0
Ireland,IRL,2020-10-26,0
Ireland,IRL,2020-11-09,0
Ireland,IRL,2020-11-23,0
Ireland,IRL,2020-12-07,0
Ireland,IRL,2020-12-21,0
Ireland,IRL,2021-01-04,0
Ireland,IRL,2021-01-11,0
Ireland,IRL,2021-01-25,0
Ireland,IRL,2021-02-08,0
Ireland,IRL,2021-02-22,0
Ireland,IRL,2021-03-08,0
Ireland,IRL,2021-03-22,0
Ireland,IRL,2021-04-05,0
Ireland,IRL,2021-04-19,0.78
Ireland,IRL,2021-05-03,3.26
Ireland,IRL,2021-05-17,3.42
Ireland,IRL,2021-05-31,3.02
Ireland,IRL,2021-06-14,11.6
Ireland,IRL,2021-06-28,44.96
Ireland,IRL,2021-07-12,90.05
Ireland,IRL,2021-07-26,96.46
Ireland,IRL,2021-08-09,99.07
Ireland,IRL,2021-08-23,99.62
Ireland,IRL,2021-09-06,100
Israel,ISR,2020-08-03,0
Israel,ISR,2020-12-21,0
Israel,ISR,2021-01-04,0
Israel,ISR,2021-01-11,0
Israel,ISR,2021-01-25,0
Israel,ISR,2021-02-08,0
Israel,ISR,2021-02-22,0
Israel,ISR,2021-03-08,0
Israel,ISR,2021-03-22,0
Israel,ISR,2021-04-05,0
Israel,ISR,2021-04-19,5.83
Israel,ISR,2021-05-03,5.34
Israel,ISR,2021-05-17,11.39
Israel,ISR,2021-05-31,9.33
Israel,ISR,2021-06-14,68.42
Israel,ISR,2021-06-28,97.63
Israel,ISR,2021-07-12,93.42
Israel,ISR,2021-07-26,98.77
Israel,ISR,2021-08-09,99.16
Israel,ISR,2021-08-23,98.18
Italy,ITA,2020-05-11,0
Italy,ITA,2020-05-25,0
Italy,ITA,2020-06-08,0
Italy,ITA,2020-06-22,0
Italy,ITA,2020-07-06,0
Italy,ITA,2020-08-31,0
Italy,ITA,2020-09-14,0
Italy,ITA,2020-09-28,0
Italy,ITA,2020-10-12,0
Italy,ITA,2020-10-26,0
Italy,ITA,2020-11-09,0
Italy,ITA,2020-11-23,0
Italy,ITA,2020-12-07,0
Italy,ITA,2020-12-21,0
Italy,ITA,2021-01-04,0
Italy,ITA,2021-01-11,1.65
Italy,ITA,2021-01-25,0.09
Italy,ITA,2021-02-08,0.21
Italy,ITA,2021-02-22,0
Italy,ITA,2021-03-08,0.13
Italy,ITA,2021-03-22,0
Italy,ITA,2021-04-05,0.06
Italy,ITA,2021-04-19,0.16
Italy,ITA,2021-05-03,1.52
Italy,ITA,2021-05-17,4.64
Italy,ITA,2021-05-31,5.02
Italy,ITA,2021-06-14,16.68
Italy,ITA,2021-06-28,31.3
Italy,ITA,2021-07-12,71.21
Italy,ITA,2021-07-26,91.52
Italy,ITA,2021-08-09,95.61
Italy,ITA,2021-08-23,99.38
Italy,ITA,2021-09-06,99.82
Italy,ITA,2021-09-20,100
Italy,ITA,2021-09-28,100
Jamaica,JAM,2021-03-08,0
Japan,JPN,2020-05-11,0
Japan,JPN,2020-05-25,0
Japan,JPN,2020-06-08,0
Japan,JPN,2020-06-22,0
Japan,JPN,2020-07-06,0
Japan,JPN,2020-07-20,0
Japan,JPN,2020-08-03,0
Japan,JPN,2020-08-17,0
Japan,JPN,2020-08-31,0
Japan,JPN,2020-09-14,0
Japan,JPN,2020-09-28,0
Japan,JPN,2020-10-12,0
Japan,JPN,2020-10-26,0
Japan,JPN,2020-11-09,0
Japan,JPN,2020-11-23,0
Japan,JPN,2020-12-07,0
Japan,JPN,2020-12-21,0
Japan,JPN,2021-01-04,0
Japan,JPN,2021-01-11,0
Japan,JPN,2021-01-25,0
Japan,JPN,2021-02-08,0
Japan,JPN,2021-02-22,0
Japan,JPN,2021-03-08,0
Japan,JPN,2021-03-22,0
Japan,JPN,2021-04-05,0.07
Japan,JPN,2021-04-19,0.35
Japan,JPN,2021-05-03,0.53
Japan,JPN,2021-05-17,1.72
Japan,JPN,2021-05-31,2.27
Japan,JPN,2021-06-14,4.87
Japan,JPN,2021-06-28,12.68
Japan,JPN,2021-07-12,28.75
Japan,JPN,2021-07-26,61.63
Japan,JPN,2021-08-09,81.38
Japan,JPN,2021-08-23,92.91
Japan,JPN,2021-09-06,97.52
Japan,JPN,2021-09-20,90.91
Jordan,JOR,2020-10-12,0
Jordan,JOR,2020-10-26,0
Jordan,JOR,2020-11-09,0
Jordan,JOR,2021-01-11,0
Kazakhstan,KAZ,2021-03-22,0
Kazakhstan,KAZ,2021-04-05,0
Kazakhstan,KAZ,2021-04-19,0
Kazakhstan,KAZ,2021-05-03,0
Kenya,KEN,2020-05-11,0
Kenya,KEN,2020-05-25,0
Kenya,KEN,2020-06-08,0
Kenya,KEN,2020-06-22,0
Kenya,KEN,2020-07-06,0
Kenya,KEN,2020-07-20,0
Kenya,KEN,2020-08-03,0
Kenya,KEN,2020-08-17,0
Kenya,KEN,2020-08-31,0
Kenya,KEN,2020-09-14,0
Kenya,KEN,2020-10-12,0
Kenya,KEN,2020-10-26,0
Kenya,KEN,2020-11-09,0
Kenya,KEN,2020-11-23,0
Kenya,KEN,2020-12-07,0
Kenya,KEN,2020-12-21,0
Kenya,KEN,2021-01-25,0
Kenya,KEN,2021-02-08,0
Kenya,KEN,2021-02-22,3.23
Kenya,KEN,2021-03-08,0
Kenya,KEN,2021-03-22,0
Kenya,KEN,2021-04-05,0
Kenya,KEN,2021-04-19,6.14
Kenya,KEN,2021-05-03,10.38
Kenya,KEN,2021-05-17,14.29
Kenya,KEN,2021-05-31,46.67
Kenya,KEN,2021-06-14,56.52
Kenya,KEN,2021-06-28,85.05
Kenya,KEN,2021-07-12,93.72
Kenya,KEN,2021-07-26,100
Kenya,KEN,2021-08-09,97.16
Kenya,KEN,2021-08-23,98.75
Kenya,KEN,2021-09-06,100
Kuwait,KWT,2021-06-28,90
Kuwait,KWT,2021-07-12,98.48
Latvia,LVA,2020-09-28,0
Latvia,LVA,2020-10-12,0
Latvia,LVA,2021-01-25,0
Latvia,LVA,2021-02-08,0
Latvia,LVA,2021-02-22,0
Latvia,LVA,2021-03-08,0
Latvia,LVA,2021-03-22,0
Latvia,LVA,2021-04-05,0
Latvia,LVA,2021-04-19,0
Latvia,LVA,2021-05-03,0
Latvia,LVA,2021-05-17,1
Latvia,LVA,2021-05-31,3.78
Lebanon,LBN,2021-01-11,0
Lebanon,LBN,2021-01-25,0
Lebanon,LBN,2021-02-08,0
Lebanon,LBN,2021-02-22,0
Lebanon,LBN,2021-03-08,0
Lebanon,LBN,2021-03-22,0
Lebanon,LBN,2021-04-05,0
Lebanon,LBN,2021-04-19,0
Lebanon,LBN,2021-05-03,0
Lebanon,LBN,2021-07-12,100
Lithuania,LTU,2020-09-14,0
Lithuania,LTU,2020-12-07,0
Lithuania,LTU,2020-12-21,0
Lithuania,LTU,2021-01-04,0
Lithuania,LTU,2021-01-11,0
Lithuania,LTU,2021-01-25,0
Lithuania,LTU,2021-02-08,0
Lithuania,LTU,2021-02-22,0
Lithuania,LTU,2021-03-08,0
Lithuania,LTU,2021-03-22,0
Lithuania,LTU,2021-04-05,0
Lithuania,LTU,2021-04-19,0
Lithuania,LTU,2021-05-03,0
Lithuania,LTU,2021-05-17,0
Lithuania,LTU,2021-05-31,0.13
Lithuania,LTU,2021-06-14,1.2
Lithuania,LTU,2021-06-28,10.43
Lithuania,LTU,2021-07-12,68.22
Lithuania,LTU,2021-07-26,97.78
Lithuania,LTU,2021-08-09,99.6
Lithuania,LTU,2021-08-23,100
Lithuania,LTU,2021-09-06,100
Luxembourg,LUX,2020-10-12,0
Luxembourg,LUX,2020-10-26,0
Luxembourg,LUX,2020-11-09,0
Luxembourg,LUX,2020-11-23,0
Luxembourg,LUX,2020-12-07,0
Luxembourg,LUX,2020-12-21,0
Luxembourg,LUX,2021-01-04,0
Luxembourg,LUX,2021-01-11,0
Luxembourg,LUX,2021-01-25,0
Luxembourg,LUX,2021-02-08,0
Luxembourg,LUX,2021-02-22,0
Luxembourg,LUX,2021-03-08,0
Luxembourg,LUX,2021-03-22,0
Luxembourg,LUX,2021-04-05,1.47
Luxembourg,LUX,2021-04-19,0.29
Luxembourg,LUX,2021-05-03,0.09
Luxembourg,LUX,2021-05-17,3.23
Luxembourg,LUX,2021-05-31,14.8
Luxembourg,LUX,2021-06-14,37.08
Luxembourg,LUX,2021-06-28,65.89
Luxembourg,LUX,2021-07-12,31.78
Luxembourg,LUX,2021-07-26,63.52
Luxembourg,LUX,2021-08-09,80.93
Madagascar,MDG,2021-03-22,0
Madagascar,MDG,2021-04-05,0
Madagascar,MDG,2021-04-19,0
Malawi,MWI,2021-01-25,0
Malawi,MWI,2021-02-08,0
Malawi,MWI,2021-03-08,0
Malawi,MWI,2021-04-19,5.13
Malawi,MWI,2021-05-03,48.48
Malawi,MWI,2021-06-28,97.87
Malaysia,MYS,2020-10-26,0
Malaysia,MYS,2020-11-09,0
Malaysia,MYS,2020-11-23,0
Malaysia,MYS,2020-12-21,0
Malaysia,MYS,2021-01-04,0
Malaysia,MYS,2021-01-11,0
Malaysia,MYS,2021-01-25,0
Malaysia,MYS,2021-02-08,0
Malaysia,MYS,2021-02-22,0
Malaysia,MYS,2021-03-08,0
Malaysia,MYS,2021-03-22,3.12
Malaysia,MYS,2021-04-05,0
Malaysia,MYS,2021-04-19,0
Malaysia,MYS,2021-05-03,2.65
Malaysia,MYS,2021-05-17,6.48
Malaysia,MYS,2021-05-31,15.38
Malaysia,MYS,2021-06-14,56.76
Malaysia,MYS,2021-06-28,75
Malaysia,MYS,2021-07-12,93.98
Malaysia,MYS,2021-07-26,90.51
Malaysia,MYS,2021-08-09,87.95
Malaysia,MYS,2021-08-23,99.2
Malaysia,MYS,2021-09-06,100
Maldives,MDV,2021-08-23,100
Maldives,MDV,2021-09-06,100
Malta,MLT,2021-04-05,0
Malta,MLT,2021-04-19,0
Malta,MLT,2021-05-03,0
Malta,MLT,2021-05-17,0
Malta,MLT,2021-07-12,98.33
Mexico,MEX,2020-05-11,0
Mexico,MEX,2020-05-25,0
Mexico,MEX,2020-06-08,0
Mexico,MEX,2020-06-22,0
Mexico,MEX,2020-07-06,0
Mexico,MEX,2020-07-20,0
Mexico,MEX,2020-08-03,0
Mexico,MEX,2020-08-17,0
Mexico,MEX,2020-08-31,0
Mexico,MEX,2020-09-14,0
Mexico,MEX,2020-09-28,0
Mexico,MEX,2020-10-12,0
Mexico,MEX,2020-10-26,0
Mexico,MEX,2020-11-09,0
Mexico,MEX,2020-11-23,0
Mexico,MEX,2020-12-07,0
Mexico,MEX,2020-12-21,0
Mexico,MEX,2021-01-04,0
Mexico,MEX,2021-01-11,0
Mexico,MEX,2021-01-25,0.57
Mexico,MEX,2021-02-08,0.58
Mexico,MEX,2021-02-22,0
Mexico,MEX,2021-03-08,0.15
Mexico,MEX,2021-03-22,0
Mexico,MEX,2021-04-05,0.11
Mexico,MEX,2021-04-19,0
Mexico,MEX,2021-05-03,0.07
Mexico,MEX,2021-05-17,1.85
Mexico,MEX,2021-05-31,3.75
Mexico,MEX,2021-06-14,10.04
Mexico,MEX,2021-06-28,32.42
Mexico,MEX,2021-07-12,64.26
Mexico,MEX,2021-07-26,82.18
Mexico,MEX,2021-08-09,90.45
Mexico,MEX,2021-08-23,96.64
Mexico,MEX,2021-09-06,98.69
Mexico,MEX,2021-09-20,98.33
Montenegro,MNE,2021-07-26,93.33
Montenegro,MNE,2021-08-09,89.83
Mozambique,MOZ,2020-11-09,0
Mozambique,MOZ,2021-01-04,0
Mozambique,MOZ,2021-01-11,0
Mozambique,MOZ,2021-01-25,0
Mozambique,MOZ,2021-02-08,0
Mozambique,MOZ,2021-02-22,0
Mozambique,MOZ,2021-03-22,0
Mozambique,MOZ,2021-07-12,100
Nepal,NPL,2021-05-17,93.33
Nepal,NPL,2021-06-14,97.44
Nepal,NPL,2021-08-23,100
Netherlands,NLD,2020-05-11,0
Netherlands,NLD,2020-05-25,0
Netherlands,NLD,2020-06-08,0
Netherlands,NLD,2020-06-22,0
Netherlands,NLD,2020-07-06,0
Netherlands,NLD,2020-07-20,0
Netherlands,NLD,2020-08-03,0
Netherlands,NLD,2020-08-17,0
Netherlands,NLD,2020-08-31,0
Netherlands,NLD,2020-09-14,0
Netherlands,NLD,2020-09-28,0
Netherlands,NLD,2020-10-12,0
Netherlands,NLD,2020-10-26,0
Netherlands,NLD,2020-11-09,0
Netherlands,NLD,2020-11-23,0
Netherlands,NLD,2020-12-07,0
Netherlands,NLD,2020-12-21,0
Netherlands,NLD,2021-01-04,0
Netherlands,NLD,2021-01-11,0
Netherlands,NLD,2021-01-25,0
Netherlands,NLD,2021-02-08,0
Netherlands,NLD,2021-02-22,0
Netherlands,NLD,2021-03-08,0.03
Netherlands,NLD,2021-03-22,0
Netherlands,NLD,2021-04-05,0
Netherlands,NLD,2021-04-19,0.14
Netherlands,NLD,2021-05-03,0.87
Netherlands,NLD,2021-05-17,0.9
Netherlands,NLD,2021-05-31,2.94
Netherlands,NLD,2021-06-14,10.66
Netherlands,NLD,2021-06-28,35.47
Netherlands,NLD,2021-07-12,81.39
Netherlands,NLD,2021-07-26,95.61
Netherlands,NLD,2021-08-09,98.78
Netherlands,NLD,2021-08-23,99.43
Netherlands,NLD,2021-09-06,99.81
Netherlands,NLD,2021-09-20,98.85
New Zealand,NZL,2020-08-17,0
New Zealand,NZL,2020-08-31,0
New Zealand,NZL,2020-09-14,0
New Zealand,NZL,2020-10-26,0
New Zealand,NZL,2020-11-09,0
New Zealand,NZL,2021-07-26,100
New Zealand,NZL,2021-08-09,100
New Zealand,NZL,2021-08-23,100
New Zealand,NZL,2021-09-06,100
New Zealand,NZL,2021-09-20,100
Nigeria,NGA,2020-05-25,0
Nigeria,NGA,2020-07-20,0
Nigeria,NGA,2020-12-07,0
Nigeria,NGA,2021-01-04,0
Nigeria,NGA,2021-01-11,0
Nigeria,NGA,2021-01-25,0
Nigeria,NGA,2021-02-08,0
Nigeria,NGA,2021-02-22,0
Nigeria,NGA,2021-03-08,0
Nigeria,NGA,2021-03-22,2.63
Nigeria,NGA,2021-07-12,81.25
Nigeria,NGA,2021-07-26,96
Nigeria,NGA,2021-08-09,86.6
Nigeria,NGA,2021-08-23,87.76
Nigeria,NGA,2021-09-06,99.07
North Macedonia,MKD,2021-01-25,0
North Macedonia,MKD,2021-02-08,0
North Macedonia,MKD,2021-02-22,0
North Macedonia,MKD,2021-04-05,0
North Macedonia,MKD,2021-04-19,0
North Macedonia,MKD,2021-05-17,0
Norway,NOR,2020-06-22,0
Norway,NOR,2020-07-06,0
Norway,NOR,2020-07-20,0
Norway,NOR,2020-08-03,0
Norway,NOR,2020-08-17,0
Norway,NOR,2020-08-31,0
Norway,NOR,2020-09-14,0
Norway,NOR,2020-09-28,0
Norway,NOR,2020-10-12,0
Norway,NOR,2020-10-26,0
Norway,NOR,2020-11-09,0
Norway,NOR,2020-11-23,0
Norway,NOR,2020-12-07,0
Norway,NOR,2020-12-21,0
Norway,NOR,2021-01-04,0
Norway,NOR,2021-01-11,0
Norway,NOR,2021-01-25,0
Norway,NOR,2021-02-08,0
Norway,NOR,2021-02-22,0
Norway,NOR,2021-03-08,0
Norway,NOR,2021-03-22,0
Norway,NOR,2021-04-05,0
Norway,NOR,2021-04-19,0.05
Norway,NOR,2021-05-03,0.3
Norway,NOR,2021-05-17,2.27
Norway,NOR,2021-05-31,3.64
Norway,NOR,2021-06-14,8.12
Norway,NOR,2021-06-28,20.46
Norway,NOR,2021-07-12,57.09
Norway,NOR,2021-07-26,85.26
Norway,NOR,2021-08-09,94.5
Norway,NOR,2021-08-23,99.49
Norway,NOR,2021-09-06,99.9
Norway,NOR,2021-09-20,100
Oman,OMN,2020-05-25,0
Oman,OMN,2021-05-03,9.43
Oman,OMN,2021-06-14,72.09
Oman,OMN,2021-06-28,88.73
Pakistan,PAK,2021-03-22,0
Pakistan,PAK,2021-04-19,0.74
Pakistan,PAK,2021-05-03,0
Pakistan,PAK,2021-05-31,20
Pakistan,PAK,2021-06-14,21.76
Pakistan,PAK,2021-06-28,13.21
Pakistan,PAK,2021-07-12,51.16
Pakistan,PAK,2021-08-09,98.44
Pakistan,PAK,2021-08-23,100
Pakistan,PAK,2021-09-06,94.87
Paraguay,PRY,2021-02-22,0
Paraguay,PRY,2021-03-08,0
Paraguay,PRY,2021-08-09,91.84
Paraguay,PRY,2021-08-23,92.86
Peru,PER,2020-05-11,0
Peru,PER,2020-05-25,0
Peru,PER,2020-06-22,0
Peru,PER,2020-07-06,0
Peru,PER,2020-08-17,0
Peru,PER,2020-08-31,0
Peru,PER,2020-09-14,0
Peru,PER,2020-09-28,0
Peru,PER,2020-10-26,0
Peru,PER,2020-11-23,0
Peru,PER,2020-12-07,0
Peru,PER,2020-12-21,0
Peru,PER,2021-01-04,0
Peru,PER,2021-01-25,0
Peru,PER,2021-02-08,0
Peru,PER,2021-02-22,0
Peru,PER,2021-03-08,0
Peru,PER,2021-03-22,0
Peru,PER,2021-04-05,0
Peru,PER,2021-04-19,0
Peru,PER,2021-05-03,0
Peru,PER,2021-05-17,0.93
Peru,PER,2021-05-31,0
Peru,PER,2021-06-14,0.5
Peru,PER,2021-06-28,2.56
Peru,PER,2021-07-12,1.8
Peru,PER,2021-07-26,8.73
Peru,PER,2021-08-09,19.16
Peru,PER,2021-08-23,17.21
Peru,PER,2021-09-06,44.12
Philippines,PHL,2020-11-09,0
Philippines,PHL,2020-11-23,0
Philippines,PHL,2020-12-07,0
Philippines,PHL,2020-12-21,0
Philippines,PHL,2021-01-04,0
Philippines,PHL,2021-01-11,0
Philippines,PHL,2021-01-25,0
Philippines,PHL,2021-02-08,0
Philippines,PHL,2021-02-22,0
Philippines,PHL,2021-03-08,0
Philippines,PHL,2021-03-22,0
Philippines,PHL,2021-04-05,0
Philippines,PHL,2021-04-19,0.63
Philippines,PHL,2021-05-03,1.1
Philippines,PHL,2021-05-17,11.25
Poland,POL,2020-05-11,0
Poland,POL,2020-12-21,0
Poland,POL,2021-01-04,0
Poland,POL,2021-01-11,1.79
Poland,POL,2021-01-25,0
Poland,POL,2021-02-08,0
Poland,POL,2021-02-22,0
Poland,POL,2021-03-08,0
Poland,POL,2021-03-22,0
Poland,POL,2021-04-05,0
Poland,POL,2021-04-19,0
Poland,POL,2021-05-03,0.61
Poland,POL,2021-05-17,1.68
Poland,POL,2021-05-31,2.29
Poland,POL,2021-06-14,4.24
Poland,POL,2021-06-28,21.48
Poland,POL,2021-07-12,60
Poland,POL,2021-07-26,87.66
Poland,POL,2021-08-09,94.48
Poland,POL,2021-08-23,99.49
Poland,POL,2021-09-06,99.4
Portugal,PRT,2020-06-08,0
Portugal,PRT,2020-06-22,0
Portugal,PRT,2020-07-06,0
Portugal,PRT,2020-08-31,0
Portugal,PRT,2020-11-23,0
Portugal,PRT,2020-12-07,0
Portugal,PRT,2020-12-21,0
Portugal,PRT,2021-01-04,0
Portugal,PRT,2021-01-11,0
Portugal,PRT,2021-01-25,0
Portugal,PRT,2021-02-08,0
Portugal,PRT,2021-02-22,0
Portugal,PRT,2021-03-08,0
Portugal,PRT,2021-03-22,0
Portugal,PRT,2021-04-05,0
Portugal,PRT,2021-04-19,0.06
Portugal,PRT,2021-05-03,4.08
Portugal,PRT,2021-05-17,5.85
Portugal,PRT,2021-05-31,70.37
Portugal,PRT,2021-06-14,53.74
Portugal,PRT,2021-06-28,83.13
Portugal,PRT,2021-07-12,93.27
Portugal,PRT,2021-07-26,98.48
Portugal,PRT,2021-08-09,99.16
Portugal,PRT,2021-08-23,99.9
Portugal,PRT,2021-09-06,99.82
Portugal,PRT,2021-09-20,100
Qatar,QAT,2020-05-11,0
Qatar,QAT,2020-05-25,0
Qatar,QAT,2020-06-08,0
Qatar,QAT,2020-06-22,0
Qatar,QAT,2020-07-06,0
Qatar,QAT,2020-07-20,0
Qatar,QAT,2020-08-17,0
Qatar,QAT,2020-08-31,0
Qatar,QAT,2020-09-14,0
Qatar,QAT,2020-10-12,0
Qatar,QAT,2021-01-04,0
Qatar,QAT,2021-02-08,0
Qatar,QAT,2021-02-22,0
Qatar,QAT,2021-03-08,0
Qatar,QAT,2021-03-22,0
Qatar,QAT,2021-04-05,0
Qatar,QAT,2021-04-19,2.52
Qatar,QAT,2021-05-03,17.14
Qatar,QAT,2021-05-17,25.13
Qatar,QAT,2021-05-31,39.74
Qatar,QAT,2021-06-14,74.14
Romania,ROU,2020-12-07,0
Romania,ROU,2021-02-08,0
Romania,ROU,2021-02-22,0
Romania,ROU,2021-03-08,0
Romania,ROU,2021-03-22,0
Romania,ROU,2021-04-05,11.02
Romania,ROU,2021-04-19,0
Romania,ROU,2021-05-03,3.45
Romania,ROU,2021-05-17,7.89
Romania,ROU,2021-05-31,7.33
Romania,ROU,2021-06-14,19.33
Romania,ROU,2021-06-28,31.94
Romania,ROU,2021-07-12,64.81
Romania,ROU,2021-07-26,84.62
Romania,ROU,2021-08-09,97.23
Romania,ROU,2021-08-23,98.9
Romania,ROU,2021-09-06,99.53
Romania,ROU,2021-09-20,99.55
Russia,RUS,2020-05-11,0
Russia,RUS,2020-05-25,0
Russia,RUS,2020-06-08,0
Russia,RUS,2020-06-22,0
Russia,RUS,2020-07-06,0
Russia,RUS,2020-07-20,0
Russia,RUS,2020-08-03,0
Russia,RUS,2020-08-17,0
Russia,RUS,2020-08-31,0
Russia,RUS,2020-09-14,0
Russia,RUS,2020-09-28,0
Russia,RUS,2020-10-12,0
Russia,RUS,2020-10-26,0
Russia,RUS,2020-11-09,0
Russia,RUS,2020-11-23,0
Russia,RUS,2020-12-07,0
Russia,RUS,2020-12-21,0
Russia,RUS,2021-01-04,0
Russia,RUS,2021-01-11,0
Russia,RUS,2021-01-25,0
Russia,RUS,2021-02-22,0
Russia,RUS,2021-03-08,0.53
Russia,RUS,2021-03-22,0
Russia,RUS,2021-04-05,0
Russia,RUS,2021-04-19,0.96
Russia,RUS,2021-05-03,7.14
Russia,RUS,2021-05-17,31.21
Russia,RUS,2021-05-31,69.79
Russia,RUS,2021-06-14,89.02
Russia,RUS,2021-06-28,95.4
Russia,RUS,2021-07-12,99.37
Russia,RUS,2021-07-26,96.88
Russia,RUS,2021-08-09,98.27
Rwanda,RWA,2020-08-31,0
Rwanda,RWA,2020-12-21,0
Rwanda,RWA,2021-01-25,0
Rwanda,RWA,2021-06-28,76.6
Singapore,SGP,2020-05-11,0
Singapore,SGP,2020-05-25,0
Singapore,SGP,2020-06-08,0
Singapore,SGP,2020-06-22,0
Singapore,SGP,2020-07-06,0
Singapore,SGP,2020-07-20,0
Singapore,SGP,2020-12-21,0
Singapore,SGP,2021-01-04,0
Singapore,SGP,2021-01-11,0
Singapore,SGP,2021-01-25,0
Singapore,SGP,2021-02-08,1.33
Singapore,SGP,2021-02-22,0
Singapore,SGP,2021-03-08,0
Singapore,SGP,2021-03-22,0
Singapore,SGP,2021-04-05,1.22
Singapore,SGP,2021-04-19,16.49
Singapore,SGP,2021-05-03,64.92
Singapore,SGP,2021-05-17,84.09
Singapore,SGP,2021-05-31,90.3
Singapore,SGP,2021-06-14,94.94
Singapore,SGP,2021-06-28,96.31
Singapore,SGP,2021-07-12,93.33
Singapore,SGP,2021-07-26,99.88
Singapore,SGP,2021-08-09,100
Singapore,SGP,2021-08-23,99.84
Singapore,SGP,2021-09-06,100
Singapore,SGP,2021-09-20,100
Sint Maarten (Dutch part),SXM,2021-02-22,0
Sint Maarten (Dutch part),SXM,2021-04-05,0
Sint Maarten (Dutch part),SXM,2021-05-03,3.03
Sint Maarten (Dutch part),SXM,2021-05-31,0
Sint Maarten (Dutch part),SXM,2021-06-14,0
Sint Maarten (Dutch part),SXM,2021-06-28,0
Sint Maarten (Dutch part),SXM,2021-07-12,12.82
Sint Maarten (Dutch part),SXM,2021-07-26,59.7
Sint Maarten (Dutch part),SXM,2021-08-09,94.56
Sint Maarten (Dutch part),SXM,2021-08-23,93.6
Sint Maarten (Dutch part),SXM,2021-09-06,93.59
Slovakia,SVK,2020-12-07,0
Slovakia,SVK,2021-01-04,0
Slovakia,SVK,2021-01-11,0
Slovakia,SVK,2021-01-25,0
Slovakia,SVK,2021-02-08,0
Slovakia,SVK,2021-02-22,0
Slovakia,SVK,2021-03-08,0
Slovakia,SVK,2021-03-22,0
Slovakia,SVK,2021-04-05,0.15
Slovakia,SVK,2021-04-19,0
Slovakia,SVK,2021-05-03,0
Slovakia,SVK,2021-05-17,0
Slovakia,SVK,2021-05-31,0
Slovakia,SVK,2021-06-14,1.12
Slovakia,SVK,2021-06-28,11.65
Slovakia,SVK,2021-07-12,56.77
Slovakia,SVK,2021-07-26,92.22
Slovakia,SVK,2021-08-09,98.92
Slovakia,SVK,2021-08-23,99.65
Slovakia,SVK,2021-09-06,100
Slovenia,SVN,2020-07-06,0
Slovenia,SVN,2020-07-20,0
Slovenia,SVN,2020-08-03,0
Slovenia,SVN,2020-08-17,0
Slovenia,SVN,2020-08-31,0
Slovenia,SVN,2020-09-14,0
Slovenia,SVN,2020-09-28,0
Slovenia,SVN,2020-10-12,0
Slovenia,SVN,2020-10-26,0
Slovenia,SVN,2020-11-09,0
Slovenia,SVN,2020-11-23,0
Slovenia,SVN,2020-12-07,1.11
Slovenia,SVN,2020-12-21,0
Slovenia,SVN,2021-01-04,0
Slovenia,SVN,2021-01-11,0
Slovenia,SVN,2021-01-25,0
Slovenia,SVN,2021-02-08,0
Slovenia,SVN,2021-02-22,0
Slovenia,SVN,2021-03-08,0
Slovenia,SVN,2021-03-22,0
Slovenia,SVN,2021-04-05,0
Slovenia,SVN,2021-04-19,0
Slovenia,SVN,2021-05-03,0.15
Slovenia,SVN,2021-05-17,0.16
Slovenia,SVN,2021-05-31,0.58
Slovenia,SVN,2021-06-14,2
Slovenia,SVN,2021-06-28,27.89
Slovenia,SVN,2021-07-12,69.98
Slovenia,SVN,2021-07-26,96.4
Slovenia,SVN,2021-08-09,98.81
Slovenia,SVN,2021-08-23,99.85
Slovenia,SVN,2021-09-06,99.88
South Africa,ZAF,2020-05-11,0
South Africa,ZAF,2020-05-25,0
South Africa,ZAF,2020-06-08,0
South Africa,ZAF,2020-06-22,0
South Africa,ZAF,2020-07-06,0
South Africa,ZAF,2020-07-20,0
South Africa,ZAF,2020-08-03,0
South Africa,ZAF,2020-08-17,0
South Africa,ZAF,2020-08-31,0
South Africa,ZAF,2020-09-14,0
South Africa,ZAF,2020-09-28,0
South Africa,ZAF,2020-10-12,0
South Africa,ZAF,2020-10-26,0
South Africa,ZAF,2020-11-09,0
South Africa,ZAF,2020-11-23,0
South Africa,ZAF,2020-12-07,0
South Africa,ZAF,2020-12-21,0
South Africa,ZAF,2021-01-04,0
South Africa,ZAF,2021-01-11,0
South Africa,ZAF,2021-01-25,0
South Africa,ZAF,2021-02-08,0
South Africa,ZAF,2021-02-22,0
South Africa,ZAF,2021-03-08,0
South Africa,ZAF,2021-03-22,4.86
South Africa,ZAF,2021-04-05,5.41
South Africa,ZAF,2021-04-19,2.53
South Africa,ZAF,2021-05-03,1.69
South Africa,ZAF,2021-05-17,9.09
South Africa,ZAF,2021-05-31,21.51
South Africa,ZAF,2021-06-14,44.08
South Africa,ZAF,2021-06-28,78.16
South Africa,ZAF,2021-07-12,89.16
South Africa,ZAF,2021-07-26,93.94
South Africa,ZAF,2021-08-09,95.86
South Africa,ZAF,2021-08-23,99.12
South Africa,ZAF,2021-09-06,98.62
South Korea,KOR,2020-05-11,0
South Korea,KOR,2020-05-25,0
South Korea,KOR,2020-06-08,0
South Korea,KOR,2020-06-22,0
South Korea,KOR,2020-07-06,0
South Korea,KOR,2020-07-20,0
South Korea,KOR,2020-08-03,0
South Korea,KOR,2020-08-17,0
South Korea,KOR,2020-08-31,0
South Korea,KOR,2020-09-14,0
South Korea,KOR,2020-09-28,0
South Korea,KOR,2020-10-12,0
South Korea,KOR,2020-10-26,0
South Korea,KOR,2020-11-09,0
South Korea,KOR,2020-11-23,0
South Korea,KOR,2020-12-07,0
South Korea,KOR,2020-12-21,0
South Korea,KOR,2021-01-04,0
South Korea,KOR,2021-01-11,0
South Korea,KOR,2021-01-25,0
South Korea,KOR,2021-02-08,0
South Korea,KOR,2021-02-22,0
South Korea,KOR,2021-03-08,0
South Korea,KOR,2021-03-22,0
South Korea,KOR,2021-04-05,0
South Korea,KOR,2021-04-19,0
South Korea,KOR,2021-05-03,1.52
South Korea,KOR,2021-05-17,8.07
South Korea,KOR,2021-05-31,5.71
South Korea,KOR,2021-06-14,4.86
South Korea,KOR,2021-06-28,27.48
South Korea,KOR,2021-07-12,49.33
South Korea,KOR,2021-07-26,66.67
South Korea,KOR,2021-08-09,85.4
South Korea,KOR,2021-08-23,99.04
South Korea,KOR,2021-09-06,99.65
Spain,ESP,2020-05-11,0
Spain,ESP,2020-05-25,0
Spain,ESP,2020-06-08,0
Spain,ESP,2020-06-22,0
Spain,ESP,2020-07-06,0
Spain,ESP,2020-07-20,0
Spain,ESP,2020-08-03,0
Spain,ESP,2020-08-17,0
Spain,ESP,2020-08-31,0
Spain,ESP,2020-09-14,0
Spain,ESP,2020-09-28,0
Spain,ESP,2020-10-12,0
Spain,ESP,2020-10-26,0
Spain,ESP,2020-11-09,0
Spain,ESP,2020-11-23,0
Spain,ESP,2020-12-07,0
Spain,ESP,2020-12-21,0
Spain,ESP,2021-01-04,0
Spain,ESP,2021-01-11,0
Spain,ESP,2021-01-25,0
Spain,ESP,2021-02-08,0.03
Spain,ESP,2021-02-22,0.04
Spain,ESP,2021-03-08,0
Spain,ESP,2021-03-22,0
Spain,ESP,2021-04-05,0
Spain,ESP,2021-04-19,0
Spain,ESP,2021-05-03,0.93
Spain,ESP,2021-05-17,2.35
Spain,ESP,2021-05-31,8.68
Spain,ESP,2021-06-14,15.2
Spain,ESP,2021-06-28,38.69
Spain,ESP,2021-07-12,61.07
Spain,ESP,2021-07-26,82.73
Spain,ESP,2021-08-09,93.44
Spain,ESP,2021-08-23,96.98
Spain,ESP,2021-09-06,98.52
Spain,ESP,2021-09-20,99.5
Sri Lanka,LKA,2021-01-25,0
Sri Lanka,LKA,2021-02-08,0
Sri Lanka,LKA,2021-02-22,0
Sri Lanka,LKA,2021-03-22,0
Sri Lanka,LKA,2021-05-03,0
Sri Lanka,LKA,2021-05-17,0
Sri Lanka,LKA,2021-05-31,6.98
Sri Lanka,LKA,2021-06-14,8.2
Sri Lanka,LKA,2021-06-28,9.15
Sri Lanka,LKA,2021-07-12,39.44
Sri Lanka,LKA,2021-07-26,45.12
Sri Lanka,LKA,2021-08-09,88.14
Sri Lanka,LKA,2021-08-23,96
Sri Lanka,LKA,2021-09-06,97.88
Sri Lanka,LKA,2021-09-20,98.95
Suriname,SUR,2020-07-06,0
Suriname,SUR,2021-03-08,0
Suriname,SUR,2021-04-05,0
Suriname,SUR,2021-04-19,0
Suriname,SUR,2021-05-17,0
Suriname,SUR,2021-05-31,0
Suriname,SUR,2021-06-14,0
Suriname,SUR,2021-06-28,0
Suriname,SUR,2021-07-12,0
Suriname,SUR,2021-07-26,5.71
Suriname,SUR,2021-08-09,16
Sweden,SWE,2020-05-11,0
Sweden,SWE,2020-05-25,0
Sweden,SWE,2020-06-08,0
Sweden,SWE,2020-06-22,0
Sweden,SWE,2020-07-06,0
Sweden,SWE,2020-07-20,0
Sweden,SWE,2020-08-17,0
Sweden,SWE,2020-08-31,0
Sweden,SWE,2020-09-14,0
Sweden,SWE,2020-09-28,0
Sweden,SWE,2020-10-12,0
Sweden,SWE,2020-10-26,0
Sweden,SWE,2020-11-09,0
Sweden,SWE,2020-11-23,0.94
Sweden,SWE,2020-12-07,0
Sweden,SWE,2020-12-21,0
Sweden,SWE,2021-01-04,0
Sweden,SWE,2021-01-11,0
Sweden,SWE,2021-01-25,0
Sweden,SWE,2021-02-08,0
Sweden,SWE,2021-02-22,0
Sweden,SWE,2021-03-08,0
Sweden,SWE,2021-03-22,0
Sweden,SWE,2021-04-05,0.02
Sweden,SWE,2021-04-19,0.12
Sweden,SWE,2021-05-03,0.21
Sweden,SWE,2021-05-17,0.53
Sweden,SWE,2021-05-31,2.05
Sweden,SWE,2021-06-14,21.9
Sweden,SWE,2021-06-28,36.81
Sweden,SWE,2021-07-12,69.85
Sweden,SWE,2021-07-26,94.65
Sweden,SWE,2021-08-09,99.19
Sweden,SWE,2021-08-23,99.86
Sweden,SWE,2021-09-06,99.95
Sweden,SWE,2021-09-20,100
Switzerland,CHE,2020-05-11,0
Switzerland,CHE,2020-07-06,0
Switzerland,CHE,2020-07-20,0
Switzerland,CHE,2020-08-03,0
Switzerland,CHE,2020-08-17,0
Switzerland,CHE,2020-08-31,0
Switzerland,CHE,2020-09-14,0
Switzerland,CHE,2020-09-28,0
Switzerland,CHE,2020-10-12,0
Switzerland,CHE,2020-10-26,0
Switzerland,CHE,2020-11-09,0
Switzerland,CHE,2020-11-23,0
Switzerland,CHE,2020-12-07,0
Switzerland,CHE,2020-12-21,0
Switzerland,CHE,2021-01-04,0
Switzerland,CHE,2021-01-11,0.06
Switzerland,CHE,2021-01-25,0
Switzerland,CHE,2021-02-08,0
Switzerland,CHE,2021-02-22,0.05
Switzerland,CHE,2021-03-08,0
Switzerland,CHE,2021-03-22,0
Switzerland,CHE,2021-04-05,0
Switzerland,CHE,2021-04-19,0.22
Switzerland,CHE,2021-05-03,0.82
Switzerland,CHE,2021-05-17,0.87
Switzerland,CHE,2021-05-31,2.58
Switzerland,CHE,2021-06-14,11.29
Switzerland,CHE,2021-06-28,28.39
Switzerland,CHE,2021-07-12,79.07
Switzerland,CHE,2021-07-26,95.97
Switzerland,CHE,2021-08-09,97.42
Switzerland,CHE,2021-08-23,99.6
Switzerland,CHE,2021-09-06,99.87
Switzerland,CHE,2021-09-20,99.86
Thailand,THA,2020-12-21,0
Thailand,THA,2021-01-04,0
Thailand,THA,2021-01-11,0
Thailand,THA,2021-01-25,0
Thailand,THA,2021-02-08,0
Thailand,THA,2021-02-22,0
Thailand,THA,2021-03-22,0
Thailand,THA,2021-04-19,0
Thailand,THA,2021-05-03,1.08
Thailand,THA,2021-05-17,9.83
Thailand,THA,2021-05-31,10.96
Thailand,THA,2021-06-14,35.85
Thailand,THA,2021-06-28,51.72
Thailand,THA,2021-07-12,77.22
Thailand,THA,2021-07-26,68.66
Thailand,THA,2021-08-09,76.19
Thailand,THA,2021-08-23,73.37
Togo,TGO,2021-02-08,0
Togo,TGO,2021-02-22,0
Togo,TGO,2021-03-08,0
Togo,TGO,2021-08-09,100
Trinidad and Tobago,TTO,2021-04-19,0
Trinidad and Tobago,TTO,2021-05-03,0
Trinidad and Tobago,TTO,2021-05-17,0
Trinidad and Tobago,TTO,2021-08-09,4.08
Turkey,TUR,2020-05-11,0
Turkey,TUR,2020-05-25,0
Turkey,TUR,2020-06-08,0
Turkey,TUR,2020-11-23,0
Turkey,TUR,2021-01-04,0
Turkey,TUR,2021-01-25,0
Turkey,TUR,2021-02-08,0
Turkey,TUR,2021-02-22,0
Turkey,TUR,2021-03-08,0
Turkey,TUR,2021-03-22,34.08
Turkey,TUR,2021-04-05,0
Turkey,TUR,2021-05-03,0
Turkey,TUR,2021-05-17,0.34
Turkey,TUR,2021-05-31,2.07
Turkey,TUR,2021-06-14,18.52
Turkey,TUR,2021-06-28,50.13
Turkey,TUR,2021-07-12,96.32
Turkey,TUR,2021-07-26,32.62
Turkey,TUR,2021-08-09,45.95
Turkey,TUR,2021-08-23,84.28
Turkey,TUR,2021-09-06,99.91
Turkey,TUR,2021-09-20,100
Uganda,UGA,2020-08-17,0
Uganda,UGA,2020-09-14,0
Uganda,UGA,2020-12-21,0
Uganda,UGA,2021-01-04,0
Uganda,UGA,2021-06-14,96.34
Uganda,UGA,2021-06-28,94.23
Ukraine,UKR,2021-01-04,0
Ukraine,UKR,2021-03-22,0
United Kingdom,GBR,2020-05-11,0
United Kingdom,GBR,2020-05-25,0
United Kingdom,GBR,2020-06-08,0
United Kingdom,GBR,2020-06-22,0
United Kingdom,GBR,2020-07-06,0
United Kingdom,GBR,2020-07-20,0
United Kingdom,GBR,2020-08-03,0
United Kingdom,GBR,2020-08-17,0
United Kingdom,GBR,2020-08-31,0
United Kingdom,GBR,2020-09-14,0
United Kingdom,GBR,2020-09-28,0
United Kingdom,GBR,2020-10-12,0
United Kingdom,GBR,2020-10-26,0
United Kingdom,GBR,2020-11-09,0.01
United Kingdom,GBR,2020-11-23,0.01
United Kingdom,GBR,2020-12-07,0
United Kingdom,GBR,2020-12-21,0
United Kingdom,GBR,2021-01-04,0.01
United Kingdom,GBR,2021-01-11,0
United Kingdom,GBR,2021-01-25,0.01
United Kingdom,GBR,2021-02-08,0.02
United Kingdom,GBR,2021-02-22,0.01
United Kingdom,GBR,2021-03-08,0.01
United Kingdom,GBR,2021-03-22,0.01
United Kingdom,GBR,2021-04-05,0.09
United Kingdom,GBR,2021-04-19,1.6
United Kingdom,GBR,2021-05-03,9.15
United Kingdom,GBR,2021-05-17,33.61
United Kingdom,GBR,2021-05-31,73.25
United Kingdom,GBR,2021-06-14,90.34
United Kingdom,GBR,2021-06-28,98.1
United Kingdom,GBR,2021-07-12,99.28
United Kingdom,GBR,2021-07-26,99.68
United Kingdom,GBR,2021-08-09,99.73
United Kingdom,GBR,2021-08-23,99.95
United Kingdom,GBR,2021-09-06,99.94
United Kingdom,GBR,2021-09-20,99.99
United States,USA,2020-05-11,0
United States,USA,2020-05-25,0
United States,USA,2020-06-08,0
United States,USA,2020-06-22,0
United States,USA,2020-07-06,0
United States,USA,2020-07-20,0
United States,USA,2020-08-03,0
United States,USA,2020-08-17,0
United States,USA,2020-08-31,0
United States,USA,2020-09-14,0
United States,USA,2020-09-28,0
United States,USA,2020-10-12,0
United States,USA,2020-10-26,0
United States,USA,2020-11-09,0
United States,USA,2020-11-23,0.01
United States,USA,2020-12-07,0
United States,USA,2020-12-21,0.01
United States,USA,2021-01-04,0
United States,USA,2021-01-11,0.02
United States,USA,2021-01-25,0
United States,USA,2021-02-08,0.01
United States,USA,2021-02-22,0.01
United States,USA,2021-03-08,0.01
United States,USA,2021-03-22,0.01
United States,USA,2021-04-05,0.05
United States,USA,2021-04-19,0.3
United States,USA,2021-05-03,1.22
United States,USA,2021-05-17,2.45
United States,USA,2021-05-31,6.79
United States,USA,2021-06-14,24.19
United States,USA,2021-06-28,53.78
United States,USA,2021-07-12,80.88
United States,USA,2021-07-26,93.32
United States,USA,2021-08-09,97.32
United States,USA,2021-08-23,99.08
United States,USA,2021-09-06,99.56
United States,USA,2021-09-20,99.67
Uruguay,URY,2021-01-25,0
Uruguay,URY,2021-02-08,0
Uruguay,URY,2021-02-22,0
Uruguay,URY,2021-03-08,0
Uruguay,URY,2021-03-22,0
Uruguay,URY,2021-04-05,0
Uruguay,URY,2021-04-19,0
Zambia,ZMB,2020-07-20,0
Zambia,ZMB,2020-08-03,0
Zambia,ZMB,2020-08-17,0
Zambia,ZMB,2020-08-31,0
Zambia,ZMB,2021-02-08,0
Zambia,ZMB,2021-02-22,0
Zambia,ZMB,2021-05-31,100
Zimbabwe,ZWE,2020-05-11,0
Zimbabwe,ZWE,2020-06-08,0
Zimbabwe,ZWE,2021-01-04,0
Zimbabwe,ZWE,2021-01-11,0
Zimbabwe,ZWE,2021-01-25,0
Zimbabwe,ZWE,2021-02-08,0
Zimbabwe,ZWE,2021-07-12,100
Zimbabwe,ZWE,2021-07-26,100